{"0": {"generation": 0, "generationStartTime": 1595137275.2528389, "backpropStartTime": 1595137275.2529001, "genomeNodeSizes": [1, 1, 1, 1, 1], "genomeNodeSizesMean": 1.0, "genomeNodeSizesSD": 0.0, "genomeConnectionSizes": [2, 2, 2, 2, 2], "genomeConnectionSizesMean": 2.0, "genomeConnectionSizesSD": 0.0, "backpropEndTime": 1595137282.5538838, "fitnesses": [0.27376142144203186, 0.4537791311740875, 0.2889459729194641, 0.20641164481639862, 0.6251854300498962], "fitnessMean": 0.36961672008037566, "fitnessSD": 0.15147975526324176, "reproductionStartTime": 1595137282.587871, "reproductionEndTime": 1595137282.588362, "generationEndTime": 1595137282.589282}, "1": {"generation": 1, "generationStartTime": 1595137282.5933719, "backpropStartTime": 1595137282.593847, "genomeNodeSizes": [1, 1, 1, 1, 1], "genomeNodeSizesMean": 1.0, "genomeNodeSizesSD": 0.0, "genomeConnectionSizes": [2, 2, 2, 2, 1], "genomeConnectionSizesMean": 1.8, "genomeConnectionSizesSD": 0.4, "backpropEndTime": 1595137289.884095, "fitnesses": [0.6251854300498962, 0.4537791311740875, 0.8065361380577087, 0.6226563453674316, 0.8384425044059753], "fitnessMean": 0.6693199098110199, "fitnessSD": 0.1400099375777006, "reproductionStartTime": 1595137289.905673, "reproductionEndTime": 1595137289.905959, "generationEndTime": 1595137289.906497}, "2": {"generation": 2, "generationStartTime": 1595137289.906943, "backpropStartTime": 1595137289.907021, "genomeNodeSizes": [1, 1, 1, 1, 1], "genomeNodeSizesMean": 1.0, "genomeNodeSizesSD": 0.0, "genomeConnectionSizes": [1, 2, 0, 0, 1], "genomeConnectionSizesMean": 0.8, "genomeConnectionSizesSD": 0.7483314773547883, "backpropEndTime": 1595137296.9633799, "fitnesses": [0.8384425044059753, 0.8065361380577087, 0.07423841208219528, 0.07423841208219528, 0.5176295638084412], "fitnessMean": 0.46221700608730315, "fitnessSD": 0.3359245809974453, "reproductionStartTime": 1595137296.9711518, "reproductionEndTime": 1595137296.971436, "generationEndTime": 1595137296.971647}, "3": {"generation": 3, "generationStartTime": 1595137296.9716852, "backpropStartTime": 1595137296.971709, "genomeNodeSizes": [1, 1, 1, 1, 2], "genomeNodeSizesMean": 1.2, "genomeNodeSizesSD": 0.4, "genomeConnectionSizes": [1, 2, 1, 2, 4], "genomeConnectionSizesMean": 2.0, "genomeConnectionSizesSD": 1.0954451150103321, "backpropEndTime": 1595137303.380332, "fitnesses": [0.8384425044059753, 0.8065361380577087, 1.1160575151443481, 0.42194369435310364, 0.07423841208219528], "fitnessMean": 0.6514436528086662, "fitnessSD": 0.36351737548764435, "reproductionStartTime": 1595137303.397226, "reproductionEndTime": 1595137303.397714, "generationEndTime": 1595137303.39828}, "4": {"generation": 4, "generationStartTime": 1595137303.398358, "backpropStartTime": 1595137303.398409, "genomeNodeSizes": [1, 1, 1, 1, 1], "genomeNodeSizesMean": 1.0, "genomeNodeSizesSD": 0.0, "genomeConnectionSizes": [1, 1, 0, 2, 0], "genomeConnectionSizesMean": 0.8, "genomeConnectionSizesSD": 0.7483314773547883, "backpropEndTime": 1595137309.137161, "fitnesses": [1.1160575151443481, 0.8384425044059753, 0.07423841208219528, 0.42752158641815186, 0.07423841208219528], "fitnessMean": 0.5060996860265732, "fitnessSD": 0.4151344697406434, "reproductionStartTime": 1595137309.151049, "reproductionEndTime": 1595137309.1515589, "generationEndTime": 1595137309.161143}, "5": {"generation": 5, "generationStartTime": 1595137309.161373, "backpropStartTime": 1595137309.1614358, "genomeNodeSizes": [1, 1, 1, 1, 1], "genomeNodeSizesMean": 1.0, "genomeNodeSizesSD": 0.0, "genomeConnectionSizes": [1, 1, 0, 1, 1], "genomeConnectionSizesMean": 0.8, "genomeConnectionSizesSD": 0.4, "backpropEndTime": 1595137315.428019, "fitnesses": [1.1160575151443481, 0.8384425044059753, 0.07423841208219528, 0.4592249393463135, 0.8208375573158264], "fitnessMean": 0.6617601856589317, "fitnessSD": 0.3603083890042933, "reproductionStartTime": 1595137315.446614, "reproductionEndTime": 1595137315.44719, "generationEndTime": 1595137315.4478662}, "6": {"generation": 6, "generationStartTime": 1595137315.448072, "backpropStartTime": 1595137315.448121, "genomeNodeSizes": [1, 1, 1, 1, 2], "genomeNodeSizesMean": 1.2, "genomeNodeSizesSD": 0.4, "genomeConnectionSizes": [1, 1, 1, 0, 2], "genomeConnectionSizesMean": 1.0, "genomeConnectionSizesSD": 0.6324555320336759, "backpropEndTime": 1595137321.384694, "fitnesses": [1.1160575151443481, 0.8384425044059753, 0.4599131643772125, 0.07423841208219528, 0.07423841208219528], "fitnessMean": 0.5125780016183853, "fitnessSD": 0.4141091580763908, "reproductionStartTime": 1595137321.3957171, "reproductionEndTime": 1595137321.396029, "generationEndTime": 1595137321.396586}, "7": {"generation": 7, "generationStartTime": 1595137321.396641, "backpropStartTime": 1595137321.396671, "genomeNodeSizes": [1, 1, 1, 1, 2], "genomeNodeSizesMean": 1.2, "genomeNodeSizesSD": 0.4, "genomeConnectionSizes": [1, 1, 1, 1, 3], "genomeConnectionSizesMean": 1.4, "genomeConnectionSizesSD": 0.8, "backpropEndTime": 1595137327.844102, "fitnesses": [1.1160575151443481, 0.8384425044059753, 1.2892094850540161, 0.53280109167099, 1.3504399061203003], "fitnessMean": 1.025390100479126, "fitnessSD": 0.30366822658389075, "reproductionStartTime": 1595137327.8686872, "reproductionEndTime": 1595137327.8692439, "generationEndTime": 1595137327.871069}, "8": {"generation": 8, "generationStartTime": 1595137327.8712199, "backpropStartTime": 1595137327.871286, "genomeNodeSizes": [2, 1, 2, 1, 2], "genomeNodeSizesMean": 1.6, "genomeNodeSizesSD": 0.4898979485566356, "genomeConnectionSizes": [3, 1, 2, 1, 2], "genomeConnectionSizesMean": 1.8, "genomeConnectionSizesSD": 0.7483314773547883, "backpropEndTime": 1595137334.317605, "fitnesses": [1.3504399061203003, 1.2892094850540161, 0.07423841208219528, 0.3238562047481537, 1.1053894758224487], "fitnessMean": 0.8286266967654228, "fitnessSD": 0.5262923331903969, "reproductionStartTime": 1595137334.335305, "reproductionEndTime": 1595137334.33582, "generationEndTime": 1595137334.336095}, "9": {"generation": 9, "generationStartTime": 1595137334.33614, "backpropStartTime": 1595137334.3361769, "genomeNodeSizes": [2, 1, 2, 1, 2], "genomeNodeSizesMean": 1.6, "genomeNodeSizesSD": 0.4898979485566356, "genomeConnectionSizes": [3, 1, 3, 1, 3], "genomeConnectionSizesMean": 2.2, "genomeConnectionSizesSD": 0.9797958971132712, "backpropEndTime": 1595137341.270188, "fitnesses": [1.3504399061203003, 1.2892094850540161, 0.486455500125885, 0.07423841208219528, 0.6501988172531128], "fitnessMean": 0.7701084241271019, "fitnessSD": 0.48689278269992115, "reproductionStartTime": 1595137341.2860081, "reproductionEndTime": 1595137341.286647, "generationEndTime": 1595137341.292222}, "10": {"generation": 10, "generationStartTime": 1595137341.2925792, "backpropStartTime": 1595137341.292618, "genomeNodeSizes": [2, 1, 2, 2, 2], "genomeNodeSizesMean": 1.8, "genomeNodeSizesSD": 0.4000000000000001, "genomeConnectionSizes": [3, 1, 2, 3, 3], "genomeConnectionSizesMean": 2.4, "genomeConnectionSizesSD": 0.8, "backpropEndTime": 1595137349.351168, "fitnesses": [1.3504399061203003, 1.2892094850540161, 0.07423841208219528, 1.3309212923049927, 0.6099250316619873], "fitnessMean": 0.9309468254446983, "fitnessSD": 0.5101588869665592, "reproductionStartTime": 1595137349.384421, "reproductionEndTime": 1595137349.385151, "generationEndTime": 1595137349.385571}, "11": {"generation": 11, "generationStartTime": 1595137349.38583, "backpropStartTime": 1595137349.385979, "genomeNodeSizes": [2, 2, 1, 1, 2], "genomeNodeSizesMean": 1.6, "genomeNodeSizesSD": 0.4898979485566356, "genomeConnectionSizes": [3, 3, 1, 1, 2], "genomeConnectionSizesMean": 2.0, "genomeConnectionSizesSD": 0.8944271909999159, "backpropEndTime": 1595137356.598309, "fitnesses": [1.3504399061203003, 1.3309212923049927, 0.07423841208219528, 0.07423841208219528, 0.07423841208219528], "fitnessMean": 0.5808152869343758, "fitnessSD": 0.6204581314085824, "reproductionStartTime": 1595137356.610388, "reproductionEndTime": 1595137356.6108,